No;Customer;Suplier;CID ABH;CID Supplier;Type of Issue;ABH Ticket Number;Supplier Ticket Number;Status;Date/Start Time;Date/End Time;Duration;Timezone;On Duty;Root Cause;Action Taken;Chronology;Cordination To Customer;Cordination To Supplier;Status RFO Send;;;;;;
1;Rapid;ABH;"VLAN609 - CAC
LL Neu-Cyber";;Terminated;"#20250006655
#20250000001";;Closed;01/01/2025;01/01/2025;;GMT+7;Tian;Terminated;Terminated;Terminated;Email;Email;No;Link Down;Open;GMT+3;Luthfi;Email;yes
2;ABH;HSP;;I-0122-009-01;Flapping;#20250000002;;Closed;02/01/2025 18:29;02/01/2025 18:34;00:05:00;GMT+7;Tian;No issue find in HSP segment;No action has been taken; #20250000002 | ABH (HSP) | Multiple Flapping | NEU<>IDC3D | Dari monitoring terlihat BB NEU<>IDC mengalami multiple flapping periode 02/01/2024 18:30 - 18:34 WIB | Sudah di open ticket ke HSP | HSP menginformasikan sedang tidak ada kegiatan dari sisi mereka | Konfirmasi ke internal | CLOSED;Email;Email;No;Traffic Drop;Closed;GMT+7;Farhan;WhatsApp;No
3;AOFEI;ABH;;;Packet Loss;#20250000003;;Closed;02/01/2025 21:27;03/01/2025 0:03;02:35:07;GMT+8;Tian; There is an asymetric route where the down and up do not pass through the same path and there is no packet loss at the ABH hop;Checking circuit and request optimize path;#20250000003 | AOFEI (ABH) | Domestic Routes | Packet loss | AOFEI report paket loss dari Source 43.15.166.129 (Tencent) ke Destination 103.160.155.32 (Aofei) | Dari mtr yang di berikan hasil pengecekanya terlihat ada Asymetric route yang mana turunnya via IIX [HOP 6] dan naiknya via JKTIX [HOP 7] juga tidak detect loss di segment ABH dan setelah di compare dari Network ABH bahwa test normal sampai destinasi | Sudah disampaikan ke Aofei dan di tawarkan untuk adjust route via IIX | FU Konfirmasi dari Aofei (Preconfig Available) | Udpate dari Aofei sudah normal dan mengizinkan untuk close ticket | CLOSED;Email;Email;No;Req. Allow & Adv. Prefix;Re-Open;GMT+2;Fatoni;Telegram;
4;LAXO;ABH-TELKOM;;;Req. Allow & Adv. Prefix;#20250000004;;Closed;03/01/2025 11:37;;;GMT+7;Syahrul;Completed;Completed;#20250000004 | LAXO (ABH-TELKOM) | Laxo request allow Prefix 49.0.26.0/23 le 24 ASPath Route : 138077 - 149359 | Pengecekan validasi | Done request FU ke Mba Aul | Sudah allow | CLOSED;Email;Email;No;Packet Loss;Cancelled;;Syahrul;WeChat;
5;WANGSU;NeuCentrIX;;;Request Permit Access;#20250000005;;Closed;03/01/2025 13:06;;;GMT+7;Syahrul;;;;Email;Email;No;Request Permit Access;Rescheduled;;Tian;;
6;DCC;ABH-HSP;L1 DWDM NEU <> CYB;L1 NEU-CYB | No Service Order;Flapping;#20250000006;;Closed;3/1/2025 16:24;3/1/2025 16:50;00:26:00;GMT+7;Tian;"FO cut at coordinates 6°12'09.3""S 106°48'57.9""E (QRW8+XCG, Karet  
Tengsin, Central Jakarta City, Jakarta) is due to bad cores.";Resplicing FO ;"#20250000006 | DCC (ABH) | Flapping | DCC report link neu <> cyb L1 flap periode 16:21:19 sd 16:50:54 | Dari pengecekan ini impact link HSP flap | Confim dari HSP link flap karna sedang ada activity di jc | Link neu<> cyb I-0122-008-01 dan neu <> idc I-0122-009-01 impact dan flap | Sudah open ticket ke HSP | PUSH HSP dan minta 2 ticket | RFO related dengan issue HSP | RFO Available | CLOSED
Ticket issue NEU<>CYB = #20250000007 (ABH) | YPT-883-6B3T (HSP)
Ticket issue NEU<>IDC3D = #20250000008 (ABH) | YPT-883-6B3T (HSP)
";Email;Email;yes;;;;;;
7;ABH;HSP;BB NEU<>CYBER; I-0122-008-01;Flapping;#20250000007;YPT-883-6B3T;Closed;3/1/2025 16:24:14;3/1/2025 16:24:25;00:00:11;GMT+7;Luthfi;"FO cut at coordinates 6°12'09.3""S 106°48'57.9""E (QRW8+XCG, Karet  
Tengsin, Central Jakarta City, Jakarta) is due to bad cores.";Resplicing FO ;CLOSED;Email;Email;yes;Maintenance;;GMT/UTC;;;
8;ABH;HSP;BB NEU<>IDC;I-0122-009-01;Flapping;#20250000008;YPT-883-6B3T;Closed;3/1/2025 16:24:14;3/1/2025 16:24:25;00:00:11;GMT+7;Luthfi;"FO cut at coordinates 6°12'09.3""S 106°48'57.9""E (QRW8+XCG, Karet  
Tengsin, Central Jakarta City, Jakarta) is due to bad cores.";Resplicing FO ;CLOSED;Email;Email;yes;Flapping;;GMT+4;Damar;;
9;CTID-SANY;ABH-TIS;202400066;;Power Degrade;#20250000009;;Closed;4/1/2025 10:12;4/1/2025 10:12;00:00:00;GMT+7;Syahrul;No issues reporting by customer side;Monitoring link;#20250000009 | CTID-Sany (ABH-TIS) | Pro Active Low Traffic | TIS menginformasikan bahwa perangkat end user terpantau mati, namun di PRTG Running | FU Konfirmasi dari CTID via email | Sudah di tanyakan di grup | FU di hari Senin | Dari monitoring traffic sudah kembali running terisi | CLOSED;WhatsApp;WhatsApp;No;Flap & Down;;GMT+5;Dani;;
10;IOH Bali;Telkom DWS;AB23029;;Link Down;#20250000010;INC22411697;Closed;04-01-2025 8:30;04-01-2025 11:29;02:59:00;GMT+7;Syahrul;Root Cause: There is no issue with the Metro-E circuit. The interface towards the customer was down due to a Dying Gasp detected on the OLT side.;Recovery by itself.;3. #20250000010 | IOH Bali (Telkom DWS) | Link Down | Termonitor pada jam 08:30 traffic drop | report ke telkom dws | fu pengecekan dws | pararel proaktif ke ioh | Info dari telkom dws bahwa port arah IOH down | Link up 11:30 | FU RFO ke Telkom DWS | RFO Available | Konfirm Internal | RFO sudah dikirim | Closed;Email;WhatsApp;yes;Link Error;;GMT+8;Haikal;;
11;AOFEI;ABH;202400051;;Destiantion Unreachable;#20250000011;;Closed;05/01/2025 8:31;05/01/2025 8:31;00:00:00;GMT+7;Syahrul;route was reset at 09:53:25 relate with time you reported, we suspect any on the destination side made a route change at that time, because we saw from the local looking glass that there was also a reset in the route table to the destination.;Back to normal by itself;#20250000011 | Aofei (ABH) | IPT | Packet Loss | Aofei report packet loss dari source 43.159.72.37 ke dst  103.184.54.2 | Fu pengecekan OWS | Pengecekan ows no issue | konfirmasi aofei | Berdasarkan traceroute terbaru yang di berikan oleh OWS bahwa path dari SG >> JKT OIXP >> Fiber Star >> PT Proxi Jaringan Nusantara (Reset) pada route table Idex dan NICE3D | Suspect bahwa ada issue pada Destinasi | Sudah disampaikan ke Aofei | FU Confirm dari Aofei | Sampaikan closure | CLOSED;Email;WeChat;yes;Malfunction on the link;;GMT+9;;;
12;CTG-Ali-IIX;ABH;All Services;;Network Freeze;#20250000012;;Closed;27/1/2025 0:00;14/2/2025 23:59;23:59:00;GMT+8;Luthfi;"Please kindly noted the network traffic is likely to increase during Chinese New Year, we would like to request supporting from you as below:

Network Freeze Period

Starting date and time: 27th January 2025, 00:00 (UTC+8) 

Ending date and time: 14th February 2025, 23:59 (UTC+8) ";"Please kindly noted the network traffic is likely to increase during Chinese New Year, we would like to request supporting from you as below:

Network Freeze Period

Starting date and time: 27th January 2025, 00:00 (UTC+8) 

Ending date and time: 14th February 2025, 23:59 (UTC+8) ";"Please kindly noted the network traffic is likely to increase during Chinese New Year, we would like to request supporting from you as below:

- To AVOID any non-essential changes or maintenance on all CTG circuits during the Network Freeze period.

- Provide Green Path for service recovery in case of any service outage/degrade(if possible).

- Reserve network resources for service reroute (if possible).";Email;Email;No;High Latency;;;Sufyar;;
13;CTG-ALI (ABH);Cloudata;202300001;"Cable ID/XC: 363/NET X/2020
Cable ID/XC: 364/NET X/2020";Network Freeze;#20250000013;;Closed;27/1/2025 0:00;14/2/2025 23:59;23:59:00;GMT+7;Luthfi;"Please kindly noted the network traffic is likely to increase during Chinese New Year, we would like to request supporting from you as below:

Network Freeze Period

Starting date and time: 27th January 2025, 00:00 (UTC+8) 

Ending date and time: 14th February 2025, 23:59 (UTC+8) ";"Please kindly noted the network traffic is likely to increase during Chinese New Year, we would like to request supporting from you as below:

Network Freeze Period

Starting date and time: 27th January 2025, 00:00 (UTC+8) 

Ending date and time: 14th February 2025, 23:59 (UTC+8) ";"Please kindly noted the network traffic is likely to increase during Chinese New Year, we would like to request supporting from you as below:

- To AVOID any non-essential changes or maintenance on all CTG circuits during the Network Freeze period.

- Provide Green Path for service recovery in case of any service outage/degrade(if possible).

- Reserve network resources for service reroute (if possible).";Email;Email;No;Packet Loss & Latency Increase;;;Adit;;
14;Bashuo;Crossnet;;BTTIG_FO vlan535;Link Down;#20250000014;;Closed;06/01/2025 20:20;06/01/2025 20:40;00:20:00;GMT+7;Luthfi;"Link Upstream Down dikarenakan issue stuck config advertise di
Makassar";Dilakukan reroute via link backup;#20250000014 | Baoshuo (Crossnet) | Link Down | BTTIG_FO vlan535 | Baoshuo report linknya mengalami disconected dan meminta di check | Setelah di compare disisi ABH pun tidak bisa access cacti dan Winboxnya | Sudah di open ticket ke Crossnet | Update dari Crossnet adanya issue pada link upstream down dan di rerouted ke link backup | Sudah di sampaikan ke Baoshuo | FU RCA ke Crossnet | CLOSED;Email;Email;yes;;;;Bayu;;
15;DCC-ByteDance;ABH;202300011;;Link Down;#20250000015;;Closed;06/01/2025 12:21;06/01/2025 12:21;00:00:00;GMT+7;Syahrul;Traffic terpantau drop;Info internal ByteDance akan terminate;"1. #20250000015 | DCC-ByteDance (ABH) | Traffic Drop | Tidak Receive Prefix ByteDance | Report internal traffic DCC-ByteDance lost | Hasil pengecekan kita tidak receive prefix dari ByteDance | FU konfirmasi dari Bytedance | Update dari Bytedance bahwa ada maintenance disisi customer | info internal bytedance mau terminate
";WhatsApp;WhatsApp;No;Bit Error;;;Yuniar Cantik;;
16;ABH;Zenlayer;Peer 10.100.116.5/30;;BGP Down;#20250000016;;Closed;07/01/2025 17:05;07/01/2025 18:48;01:43:00;GMT+7;Haikal;BGP down due to replaced the faulty equipment on Zenlayer side;BGP back to establ since the equipment back to optimized;CLOSED;Email;Email;yes;;;;;;
17;ABH;HSP;BB NEU<>CYBER;I-0122-008-01;Maintenance;#20250000017;8NE-AS1-R1AY;Closed;09/01/2025 0:01:00;09/01/2025;###############################################################################################################################################################################################################################################################;GMT+7;Tian;Urgent Maintenance;Urgent Maintenance;"#20250000017 | ABH (HSP) | URGENT MAINTENANCE | Link NEU<>CYBER CID: I-0122-008-01 | Aktifitas : CO di jalur 6°14'3.65""S 106°49'39.42""E | Kamis, 09 Januari 2025 00:01 – Selesai | Link sudah kembali up periode 2025-01-10 04:31:49 GMT+7 dan stabil selama 4 jam | FU final progress ke HSP untuk close ticket | CLOSED";Email;Email;No;Interupption;;;;;
18;DCC;ABH;No SO;No SO;Interupption;#20250000018;;Closed;08/01/2025 9:29;08/01/2025 9:29;00:00:00;GMT+7;Syahrul;Done;Done;#20250000018 | DCC ( ABH) | Interupption | DCC report bahwa mengalami signifikan increase CRC di port perangkat, menyebabkan error port, ketatkan B09 SmartOptic port C30 dan A14 DCC port 100GE1/0/4  | Minta dcc prepare material, lalu request RHS ke ABH | CLOSED;Email;Email;No;;;;;;
19;DCC;ABH;L1 NEU-CYB | No Service Order;;Maintenance;#20250000019;;Closed;09/01/2025 0:01;09/01/2025 0:07;00:06:00;GMT+7;Syahrul;Fiber Optic Cutover at 6°14'3.65”S, 106°49'39.42”E for transferring aerial cables to underground cables.;Fiber Optic Cutover at 6°14'3.65”S, 106°49'39.42”E for transferring aerial cables to underground cables.;#20250000019 | DCC ( ABH-HSP ) | Urgent Maintenance | L1 NEU-CYB | Aktivitas pemindahan kabel udara ke kabel bawah | sudah diinformasikan ke DCC | Koordinasi dengan HSP untuk reschedulenya | Kamis, 09 Januari 2025 00:01 – Selesai | Link sudah kembali up periode 2025-01-10 04:31:49 GMT+7 dan stabil selama 4 jam | FU final progress ke HSP untuk close ticket | CLOSED;Email;WhatsApp;No;;;;;;
20;Aofei;ABH;"VLAN1891  IdEX-Transport  
VLAN1893  IdEX-Transport
";;Maintenance;#20250000020;;Closed;09/01/2025 0:01;09/01/2025 0:07;00:06:00;GMT+7;Syahrul;Fiber Optic Cutover at 6°14'3.65”S, 106°49'39.42”E for transferring aerial cables to underground cables.;Fiber Optic Cutover at 6°14'3.65”S, 106°49'39.42”E for transferring aerial cables to underground cables.;#20250000020 | Aofei (ABH-HSP) | Urgent Maintenance | VLAN1891, VLAN1893 | No Downtime dikarenakan backup by 1892 dan 1894 | Relate issue dengan #20250000017 | sudah diinformasikan | Koordinasi dengan HSP untuk reschedulenya | Link sudah kembali up periode 2025-01-10 04:31:49 GMT+7 dan stabil selama 4 jam | FU final progress ke HSP untuk close ticket | CLOSED;Email;WhatsApp;No;Power Low;;GMT+6+30;Giovanni;;
21;3GO;ABH;;;Request Loa;#20250000021;;Closed;08/01/2025 13:30;;;GMT+7;Syahrul;Done;Done; #20250000021 | 3GO (ABH) | Request Loa untuk PT Threego technology Indonesia untuk melakukan 4*XC ke rack B09 MDC | minta 3go untuk kontak sales baru bisa dibikin LoA ;WhatsApp;;No;Intermittent;;;;;
22;3GO;ABH-Linknet;;;Req. Allow & Adv. Prefix;#20250000022;;Closed;;;;GMT+7;Syahrul;;;;Email;Email;No;Network Freeze;;;;;
23;3GO;Smartfren;;;Req. Allow & Adv. Prefix;#20250000023;;Closed;;;;GMT+7;Syahrul;;;;Email;Email;No;Req. Adjust route;;;;;
24;3GO;Biznet;;;Req. Allow & Adv. Prefix;#20250000024;;Closed;;;;GMT+7;Syahrul;;;;Email;Email;No;BGP Down;;;;;
25;ISPL;ABH-Lighstroom;202400082-A;LL CYB <> PDG;Link Down;#20250000025;#345;Closed;08/01/2025 8:30;08/01/2025 11:40;03:10:00;GMT+7;Haikal;"There is a double FO cut on the path on, 
Path 1 = NDC-DCI 
Path 2 = IDK-DCI  
which causes ASON to search for another path. ";ASON automatically found 3rd route. ;#20250000025 | ISPL (ABH-Lighstroom) | Link Down | 202400082-A | LL CYB <> PDG | ISPL report bahwa link PDG <> CYB Line A down | Berdasarkan pengecekan dari Lightstroom bahwa adanya FO cut yang menyebabkan link sempat bermasalah dan ASON sempat delay karena mecari rute terbaiknyaa | Update dari LS bahwa link sementara di rerouted ke Backup link untuk perbaikan mainlinknya | Sudah disampaikan ke ISPL | Update dari LS bahwa mainlink sudah selesai di perbaiki | FU RFO dan RCA ke LS | RFO avalibale | Sudah di confirm ke internal dan confirm untuk close ticket | CLOSED;Email;Email;yes;Prefix Leaking;;;;;
26;CTID-SANY;TIS;202400066;16059007;Link Down;#20250000026;"712025000594
712025000655";Closed;08/01/2025 19:30;09/01/2025 11:35;16:05:00;GMT+7;Tian;" 712025000594 - Segment Topogaro (High bending di JC)
712025000655 - Segment Topogaro (core di EJ patah)
"; Splicing FO;#20250000026 | CTID-SANY (TIS) | 16059007 | Link Down | Dari monitoring terlihat detect alarm periode 08/01/2025 19.30 WIB | Sudah di open ticket ke TIS | Update dari TIS bahwa adanya FO Cut site Bahodopi | FU ke TIS untuk progressnya | Alarm cleared periode 09/01/2025 11.35.00 WIB | FU RFO ke TIS | RFO available | CLOSED;WhatsApp;WhatsApp;yes;;;;;;
27;Aofei-Tencent ISC;ABH-OWS;"103.150.178.80
103.150.178.81";IPT Vlan 839;Destiantion Unreachable;#20250000027;;Closed;09/01/2025 13:54:00;09/01/2025 14:40;00:46:00;GMT+7;Luthfi;Unreachable;Suspect adjustment di destinasi;2. #20250000027 | Aofei (ABH-OWS) | Dest Unreachable | IPT Vlan 839 | Aofei report bahwa source 43.159.72.47 (Tencent ISC) tidak bisa reach ke dest 103.158.252.1 (Zenlayer) periode 2025-01-09 12:34:59 GMT+08 | Sudah di open ticket ke OWS | FU OWS untuk hasil pengecekan dan update selanjuntya | Hasil mtr OWS dari INTL reach ke dest dan no issue | Suspect ada adjustment disisi destinasi karena table routenya sempat reset | Sudah di konfirmasi ke Aofei | Pending confirm dari End Customer Aofei | Closed;Email;Email;No;;;;;;
28;CTG-ALI;ABH;202300003;;Flapping;#20250000028;;Closed;09/01/2025 14:00;09/01/2025 15:00;01:00:00;GMT+7;Haikal;SLX failure;Reconfigure; #20250000028 | CTG-ALI (ABH-IIX) | Flapping | 202300003 (LL DCI <> APJII) | CTG report bahwa detect multiple flappiing | Sudah di jelaskan ke CTG bahwa sebelumnya sempat ada issue di sisi IIX dan Port facing cust sempat up/down, dan saat ini sudah Up namun BGP dengan IIX masih belum Establ | FU confirm dari CTG untuk re-establ BGP nya dengan IIX | RFO sudah ada | Sudah disampaikan | CLOSED;Email;Email;yes;Destiantion Unreachable;;;;;
29;Aofei;ABH;"Aofei Neu<>Cyb
Aofei Jakabare
Tencent ISC";;Maintenance;#20250000029;Has Announced;Closed;23/01/2025 0:00;23/01/2025 5:00;05:00:00;GMT+7;Haikal;Planned Maintenance for Replacing Core Switch at Cyber-1;Planned Maintenance for Replacing Core Switch at Cyber-1;Multiple Downtime for a maximum of 30 minutes due to port relocation;Email;Email;No;Terminated;;;;;
30;Aofei Domestic;ABH;Domestic 111 & 112;;Maintenance;#20250000030;Has Announced;Closed;23/01/2025 0:00;23/01/2025 5:00;05:00:00;GMT+7;Haikal;Planned Maintenance for Replacing Core Switch at Cyber-1;Planned Maintenance for Replacing Core Switch at Cyber-1;Route Loss to The Domestic Destination for a Maximum of 30 Minutes;Email;Email;No;;;;;;
31;DCC;ABH;"Wangsu-Neu
Bytedance";;Maintenance;#20250000031;Has Announced;Closed;23/01/2025 0:00;23/01/2025 5:00;05:00:00;GMT+7;Haikal;Planned Maintenance for Replacing Core Switch at Cyber-1;Planned Maintenance for Replacing Core Switch at Cyber-1;Route Loss to Domestic Destination for a Maximum of 30 Minutes;Email;Email;No;;;;;;
32;DCC;ABH;Wangsu-Nex2;202400221;Maintenance;#20250000032;Has Announced;Closed;23/01/2025 0:00;23/01/2025 5:00;05:00:00;GMT+7;Haikal;Planned Maintenance for Replacing Core Switch at Cyber-1;Planned Maintenance for Replacing Core Switch at Cyber-1;Multiple Downtime for a Maximum of 30 Minutes due to Port Relocation;Email;Email;No;;;;;;
33;Baishan;ABH;"VLAN793
VLAN794
VLAN795";;Maintenance;#20250000033;Has Announced;Closed;23/01/2025 0:00;23/01/2025 5:00;05:00:00;GMT+7;Haikal;Planned Maintenance for Replacing Core Switch at Cyber-1;Planned Maintenance for Replacing Core Switch at Cyber-1;Multiple Downtime for a Maximum of 30 Minutes due to Port Relocation;Email;Email;No;;;;;;
34;HK-Seaga;ABH;202400071;;Maintenance;#20250000034;Has Announced;Closed;23/01/2025 0:00;23/01/2025 5:00;05:00:00;GMT+7;Haikal;Planned Maintenance for Replacing Core Switch at Cyber-1;Planned Maintenance for Replacing Core Switch at Cyber-1;Route Loss to Domestic Destination for a Maximum of 30 Minutes;Email;Email;No;Request Check Prefix ;;;;;
35;3GO;ABH;202400128;;Maintenance;#20250000035;Has Announced;Closed;23/01/2025 0:00;23/01/2025 5:00;05:00:00;GMT+7;Haikal;Planned Maintenance for Replacing Core Switch at Cyber-1;Planned Maintenance for Replacing Core Switch at Cyber-1;Route Loss to MYREP AS63859 and ICON9341 Destination for a Maximum of 30 Minutes;Email;Email;No;;;;;;
36;OWS;ABH;AB22025 (VLAN4062);;Maintenance;#20250000036;Has Announced;Closed;23/01/2025 0:00;23/01/2025 5:00;05:00:00;GMT+7;Haikal;Planned Maintenance for Replacing Core Switch at Cyber-1;Planned Maintenance for Replacing Core Switch at Cyber-1;Loss to Domestic Destination for a Maximum of 30 Minutes;Email;Email;No;;;;;;
37;CTG-ALI;ABH;202300003 (LL DCI - APJII IIX);;Maintenance;#20250000037;Has Announced;Closed;23/01/2025 0:00;23/01/2025 5:00;05:00:00;GMT+7;Haikal;Planned Maintenance for Replacing Core Switch at Cyber-1;Planned Maintenance for Replacing Core Switch at Cyber-1;Multiple Downtime for a Maximum of 30 Minutes due to port relocation;Email;Email;No;;;;;;
38;Biznetgio;ABH;AB23033 ;;Maintenance;#20250000038;Has Announced;Closed;23/01/2025 0:00;23/01/2025 5:00;05:00:00;GMT+7;Haikal;Planned Maintenance for Replacing Core Switch at Cyber-1;Planned Maintenance for Replacing Core Switch at Cyber-1;Multiple Downtime for a Maximum of 30 Minutes due to Backbone Relocation;Email;Email;No;;;;;;
39;MPLS;ABH;AB23030 ;;Maintenance;#20250000039;Has Announced;Closed;23/01/2025 0:00;23/01/2025 5:00;05:00:00;GMT+7;Haikal;Planned Maintenance for Replacing Core Switch at Cyber-1;Planned Maintenance for Replacing Core Switch at Cyber-1;Multiple Downtime for a Maximum of 30 Minutes due to Backbone Relocation.;Email;Email;No;;;;;;
40;Jupiter;ABH;AB23028 ;;Maintenance;#20250000040;Has Announced;Closed;23/01/2025 0:00;23/01/2025 5:00;05:00:00;GMT+7;Haikal;Planned Maintenance for Replacing Core Switch at Cyber-1;Planned Maintenance for Replacing Core Switch at Cyber-1;"Route Loss to Telkomsel AS23693 Destination for a Maximum of 30 
Minutes.";Email;Email;No;;;;;;
41;WPT;ABH;"Platinum
Maxcloud
Citra Prima";202400078;Maintenance;#20250000041;Has Announced;Closed;23/01/2025 0:00;23/01/2025 5:00;05:00:00;GMT+7;Haikal;Planned Maintenance for Replacing Core Switch at Cyber-1;Planned Maintenance for Replacing Core Switch at Cyber-1;Route loss to Telkomsel AS23693 Destination for a Maximum of 30 Minutes.;Email;Email;No;;;;;;
42;LAXO;ABH;202300032;;Maintenance;#20250000042;Has Announced;Closed;23/01/2025 0:00;23/01/2025 5:00;05:00:00;GMT+7;Haikal;Planned Maintenance for Replacing Core Switch at Cyber-1;Planned Maintenance for Replacing Core Switch at Cyber-1;Route loss to Telkomsel AS23693 Destination for a Maximum of 30 Minutes.;Email;Email;No;;;;;;
43;IDCH;ABH;AB21009 ;;Maintenance;#20250000043;Has Announced;Closed;23/01/2025 0:00;23/01/2025 5:00;05:00:00;GMT+7;Haikal;Planned Maintenance for Replacing Core Switch at Cyber-1;Planned Maintenance for Replacing Core Switch at Cyber-1;Downtime for a Maximum of 30 Minutes for VLAN2509.;Email;Email;No;;;;;;
44;Shopee;ABH;202400081;;Maintenance;#20250000044;Has Announced;Closed;23/01/2025 0:00;23/01/2025 5:00;05:00:00;GMT+7;Haikal;Planned Maintenance for Replacing Core Switch at Cyber-1;Planned Maintenance for Replacing Core Switch at Cyber-1;Route loss to Telkomsel AS23693 Destination for a Maximum of 30 Minutes.;Email;Email;No;;;;;;
45;Seabank;ABH;"AB21005 
AB21015";;Maintenance;#20250000045;Has Announced;Closed;23/01/2025 0:00;23/01/2025 5:00;05:00:00;GMT+7;Haikal;Planned Maintenance for Replacing Core Switch at Cyber-1;Planned Maintenance for Replacing Core Switch at Cyber-1;Route loss to Telkomsel AS23693 destination for a maximum of 30 minutes.;Email;Email;No;;;;;;
46;Ling Cloud;ABH;202400094;;Maintenance;#20250000046;Has Announced;Closed;23/01/2025 0:00;23/01/2025 5:00;05:00:00;GMT+7;Haikal;Planned Maintenance for Replacing Core Switch at Cyber-1;Planned Maintenance for Replacing Core Switch at Cyber-1;L2 Service will be down for a maximum of 30 minutes due to to backbone relocation.;Email;Email;No;Power Degrade;;GMT+6;;;
47;GTT;ABH;AB22007 ;;Maintenance;#20250000047;Has Announced;Closed;23/01/2025 0:00;23/01/2025 5:00;05:00:00;GMT+7;Haikal;Planned Maintenance for Replacing Core Switch at Cyber-1;Planned Maintenance for Replacing Core Switch at Cyber-1;Route loss to Telkomsel AS23693 destination for a maximum of 30 minutes.;Email;Email;No;;;;;;
48;NTTG;ABH;202400152;;Maintenance;#20250000048;Has Announced;Closed;23/01/2025 0:00;23/01/2025 5:00;05:00:00;GMT+7;Haikal;Planned Maintenance for Replacing Core Switch at Cyber-1;Planned Maintenance for Replacing Core Switch at Cyber-1;Downtime for maximum 30 minutes due to backbone relocation.;Email;Email;No;Jitter;;PDT;;;
49;CBC;ABH;202400143;;Maintenance;#20250000049;Has Announced;Closed;23/01/2025 0:00;23/01/2025 5:00;05:00:00;GMT+7;Haikal;Planned Maintenance for Replacing Core Switch at Cyber-1;Planned Maintenance for Replacing Core Switch at Cyber-1;Downtime for maximum 30 minutes due to backbone relocation.;Email;Email;No;Packet Loss;;;;;
50;RACKH;ABH;;;Maintenance;#20250000050;;Closed;23/01/2025 0:00;23/01/2025 5:00;05:00:00;GMT+7;Haikal;Planned Maintenance for Replacing Core Switch at Cyber-1;Planned Maintenance for Replacing Core Switch at Cyber-1;Downtime for maximum 30 minutes due to backbone relocation.;Email;Email;No;;;;;;
51;ABH;HSP;Neu <> Cyber (I-0122-008-01);;Flapping;#20250000051;;Closed;10/01/2025 15:36;10/01/2025 15:38;00:02:00;GMT+7;Haikal;Closure rapuh;splicing core;3. #20250000051 | ABH (HSP) X9Y-G61-GLEE | Flapping | Neu <> Cyber (I-0122-008-01) | Dalam monitoring terlihat Neu <> Cyb HSP sempat flapping pada  Jan 10 15:36:56 - 15:38:19 | Update dari HSP bahwa kejadian in terjadi akibat core di closure rapuh (WAG) | FU RFO ke HSP | RFO Available | Confirm ke internal untuk close ticket ;Email;Email;yes;Routing Error;;;;;
52;CE;ABH-TELKOM;202400112;1-40295388573;Packet Loss;#20250000052;;Closed;25/1/2025;25/1/2025;00:00:00;GMT+7;Haikal;Refer to ticket #20250000062;Refer to ticket #20250000062;#20250000052 | CE (ABH-TELKOM) | Packet Loss | 2007736169 | CE report bahwa 2 hari ini mereka mengalami intermittent menuju IP gateway vpn (223.119.67.10), sehingga koneksi  terganggu | Update dari CE bahwa tunnel ke SG berbeda provider nya sehingga suspect terkendala oleh OIXP | FU Telkom untuk show route nya | Update dari CE masih intermittent | FU ke Telkom untuk plan optimizenya | Update dari Telkom bahwa traceroute memang tidak reach dan tidak bisa di ping, telkom sudah memberikan capture interface port dan log hasilnya tidak ditemukannya anomally | Sudah disampaikan ke DCC | Info dari CE packet loss pada 14 januari rentang 21.00 - 23.15 GMT+8 | Minta CE untuk traceroute from vpn gateway (source ip 223.119.67.10 ) to ip 36.94.17.50 | pengecekan lebih lanjut | Packet loss terjadi random, saat ini pengecekan Telkom normal pantau terlebih dahulu apabila ada kendala langsung fu telkom | minta Bestpath ke Telkom | Info dari Telkom saat ini sudah Best Path via AS Path 58453 | Monitor terlebih dahulu | CE report ada packet loss lagi di jam 20.30 - 23.30 GMT+8 | Sedang FU ke Telkom untuk pasang IP 223.119.67.10 di monitoring mereka agar kita punya edvidence ke user | FU ke Telkom no Ticketnya #20250000062 | ip sudah di pasang dan hasil evidence monitoring sudah di berikan ke DCC dan CE | Sudah di ajukan untuk improvement ke CE | FU konfirmasinya | FU hasil test ping monitoring refresh selama 12 jam ke Telkom untuk destinasi 223.119.67.10 | Tunggu update kembali konfirmasi dari CE | CE masih menunggu confirm dari End nya, namun sepertinya issue sudah resolved karena customer tidak ada mengeluhkan kendala lagi | CLOSED;Email;Email;No;;;;;;
53;NTTG_CAMPINA;ABH-ICON+;202400152;1,11401E+11;Link Down;#20250000053;;Closed;11/01/2025 4:01;11/01/2025 4:18;00:17:00;GMT+7;Tian;Link Interupption;No Issue';3. #20250000053 | NTTG-CAMPINA (ABH-ICON+) EN3HQP83 | Link Down | NTTG report gangguan via email jam | Info Icon tidak ada issu | dicek L2TP mikrotik disalatiga yang ke arah NIA JKT terpantau sempat reset dalam rentang waktu  04:01:03 WIB sd 04:18:00 | Sedang di mintakan monitoring last 24 hours ke ICON+ | Dari capture yang di berikan bahwa traffic sempat interrupt match dengan periode issue | Make sure kembali ke Icon | Update dari ICON bahwa tidak ada log issue pada periode gangguan | Monit dahulu hingga office hours | Prepare RFO | Konfirm Internal | CLOSED;Email;Email;yes;;;;;;
54;Aofei-Ucloud;ABH-Powertel;AB22012;0320100011;Maintenance;#20250000054;;Closed;20/1/2025 0:00:00;20/1/2025 6:00:00;06:00:00;GMT+7;Syahrul;Replacement of UPS Rack by The Provider Team at Data Center APJII, 1st Floor, Cyber Building;Replacement of UPS Rack by The Provider Team at Data Center APJII, 1st Floor, Cyber Building;Downtime -+ 30 - 50 Minute;Email;Email;No;;;;;;
55;ABH;HSP;Link BB Neu<>IDC3D;I-0122-009-01;Link Down;#20250000055;Q9H-TAD-H66N;Closed;12/01/2025 0:09:17;12/01/2025 13:54:01;13:44:44;GMT+7;Tian;Terkendala cut di -6.239742, 106.825404 impact galian vendor;Dilakukan replace Kabel Sepanjang 150m;"#20250000055 | ABH (HSP) | Link BB Down NEU<>IDC3D | I-0122-009-01 | Link down periode 12/01/2025 0:09:17 WIB | Sudah di open ticket ke HSP | Info HSP sedang ada FO Cut di 6°11'34.2""S 106°48'53.0""E | FU Progressnya ke HSP | Update dari HSP sudah selesai progress penyambungan dan jumper | Link sudah kembali up periode 2025-01-12 13:54:01 WIB | Monitoring dahulu untuk kestabilannya | info hsp pengerjaan sudah selesai | link up periode 17:00:16 | RFO Available Q9H-TAD-H66N | Review RFO & Konfirm Internal | CLOSED";Email;Email;yes;;;;;;
56;ABH;CBN;;103.150.178.55;BGP Flap;#20250000056;;Closed;12/1/2025 0:20;12/1/2025 0:23;00:03:00;GMT+7;Luthfi;BGP flapped because activity maintenance;Upgrade the firmware router;CLOSED;Email;Email;yes;;;;;;
57;DCC;ABH;;;Request Loan;#20250000057;;Closed;12/1/2025 11:41;14/1/2025 12:19;00:38:00;GMT+7;Luthfi;"Request for Loan of Modules and Patch Cord at NEX DC Rack 5
Equipment Ports:
Mx204 - et-0/0/3
ce6860 - port GE2/0/5
";"Request for Loan of Modules and Patch Cord at NEX DC Rack 5
Equipment Ports:
Mx204 - et-0/0/3
ce6860 - port GE2/0/5";"#20250000057 | RHS DCC - RHS DCC – #202500002 | Onsite untuk replace 100G DAC >> Huawei-CE6860-48S 100G1/0/5 | Onsite today | Activity done | Confirm untuk close ticket | CLOSED

Equipment Ports:
Mx204 - et-0/0/3
ce6860 - port GE2/0/5";Email;Email;No;;;;;;
58;Aofei;ABH;202400051;;Packet Loss;#20250000058;;Closed;12/1/2025;12/1/2025;00:00:00;GMT+7;Syahrul;Packet Loss 2 Destinasi 103.169.255.169 & 103.169.255.65;No issue diperiode tersebut;6. #20250000058 | Aofei ( ABH-OWS ) | Packet Loss | aofei report mengalami packet loss menuju ke 2 destinasi yaitu, 103.169.255.169 & 103.169.255.65 | FU hasil pengecekan OWS | Hasil pengecekan berupa ping dan mtr normal dan sudah di compare di perangkat | FU confirm Aofei untuk close ticket | Closed;WeChat;WeChat;yes;;;;;;
59;3GO;ABH;Rack B09;Rack B09;Request Permit Access;#20250000059;;Closed;21/1/2025 0:00;23/1/2025 23:59;23:59:00;GMT+7;Luthfi;Request Registration Access of MDC Level 1 Rack B09;Request Registration Access of MDC Level 1 Rack B09;#20250000059 | 3GO (ABH) | Request permit access | 3GO meminta untuk dibuatkan permit acces ke MDC B09 untuk 21st Jan 2025 00:00+7 sampai 23rd Jan 2025 23:59+7 | Sudah di koordinasikan ke internal | CLOSED;Email;Email;No;;;;;;
60;DCC;ABH-HSP;L1 DWDM NEU <> CYB;L1 NEU-CYB | No Service Order;Flapping;#20250000060;;Closed;13/1/2025 14:59;13/01/2025 15:06:45;00:07:44;GMT+7;Luthfi;Flapping;Normal by itself;3. #20250000060 | DCC (ABH) | Link Down | L1 DWDM NEU-CYB | DCC Report linknya mengalami down periode 13, 2025 14:59:01 - 15:06:45 GMT+8 | Sudah di open ticket ke DCC | RFO related dengan HSP | Validasi RFO dan berikan ke DCC | Closed;Email;Email;yes;;;;;;
61;ABH;HSP;Neu<>Cyb;I-0122-008-01;Flapping;#20250000061;;Closed;13/1/2025 13:58:38;13/1/2025 13:58:45;00:00:07;GMT+7;Syahrul;Flapping;Normal by itself;4. #20250000061 | ABH (HSP) | Flapping | BB Neu<>Cyber I-0122-008-01 | Dari monitoring BB Neu<>Cyber sempat flapping periode 13/1/2025 13:58:38 - 13:58:45 | Sudah di oppen ticket ke HSP | Sebelumnya flapping ini impact dari activity yang dilakukan oleh tim HSP di jalur Neu<>Cyber yang sudah di infokan | FU RFO ke HSP;Email;Email;yes;;;;;;
62;LinkCloud;Aofei;202400094;;Maintenance;#20250000062;;Closed;19/01/2025 23:00;19/01/2025 5:00;###############################################################################################################################################################################################################################################################;GMT+7;Syahrul;;;#20250000062 | Linkcloud (AOFEI) | Maintenance | VLAN3702 | February 19, 2025 23:00 - 05:00 GMT +7 | Has anounced | Completed;Email;Email;yes;;;;;;
63;Bausho;ABH-Crossnet;202400112;BTTIG;High Latency;#20250000063;;Closed;13/1/2025 13:58;14/01/2025 22:18;08:19:22;GMT+8;Tian;"
Intermittent upstream because there was an interrupted backbone  
Palopo Masamba segment ";Rerouted to another upstream ;#20250000063 | Baoshuo (CrossNet) | High Latency | Baoshuo menginformasikan bahwa mengalami high latency dan lag saat mengakses tiktok,douyin,bilibili | fu pengecekan crossnet | info crossnet salah satu upstream nya intermitten imbas backbone palopo down | sudah direroute | baoshuo konfirm sudah normal RFO Available | konfirmasi internal | CLOSED;Email;Email;yes;;;;;;
64;DCC;ABH;L1 DWDM NEU <> CYB;;Flapping;#20250000064;;Closed;15/01/2025 14:26:13;15/01/2025 14:35:02;00:08:49;GMT+7;Tian;No issue founded on our side;Check log and monitoring;#20250000064 | DCC (ABH) | Link Interrupt | L1_DWDM | DCC report link NEU<>CYB interrupt pukul 14:26:13 GMT+8 sd 14:35:02 GMT 8 | Pengecekan awal link BB NEU<>CYB via HSP dan Powertel terpantau normal (tidak ada flapping) | Masih dalam pengecekan | Dsisi abh tidak ada log down | Konfirm DCC | CLOSED;Email;Email;yes;;;;;;
65;HK-Seaga;ABH-DCC;202400121 | IdEX-int-regular;ABH20240307001|VLAN1721;Packet Loss;#20250000065;TT-2025073719;Closed;14/01/2025 20:20;14/01/2025 20:30;00:10:00;GMT+8;Syahrul;"The packet loss was caused by jitter on the backbone EIE line, 
which impacted the customer’s service. The jitter led to brief 
periods of packet loss before traffic was successfully 
switched to an alternative route.";"Traffic was switched to an alternative route (SGIX) to mitigate the 
impact.";#20250000065 | HK-Seaga (ABH) | INTL | HK-Seaga report mengalami packet loss pada periode 14 Januari 2025 pada pukul 20:22-20:30 namun baru report pada 15 januari 2025 pukul 14:51 | hasil pengecekan tidak ada issue saat ini | sudah diberikan capture monitoring pada periode yang diminta | Berdasarkan pengecekan dari forward traceroute nya loss di mulai dari source IP dan berdasarkan reverse traceroute nya loss detect pada hop 4 (103.16.103.64) yang mana jika di cek pada routing table IP ini di dapat dari DCC-841 | Dalam pengecekan story traffic pada range time yang di mention 01/14/2025 20:22 - 20:30 GMT+8 di lihat traffic dari DCC 841 memang mengalami kenaikan namun tidak mencapai congestion | komplain ke DCC VLAN1721 | FU progress ke DCC | Info DCC link utama mengalami jitter di link utama yaitu EIE setelah itu di reroute ke SGIX | yang di reroute ke SGIX hanya prefix 138.113.199.0/24 | Pengecekan lebih lanjut disebabkan congestion di EIE | Pastikan kembali ke DCC apa dengan SGIX akan terjadi hal serupa | Update dari HK Seaga boleh close ticket | FU RFO ke DCC | RFO sudah di berikan DCC | Review dan prepare release untuk close ticket | Kirimkan senin office hours | CLOSED;Email;Email;No;;;;;;
66;DCC;ABH-ISPL;EDGE<>SG1;" 231006_100G_EQX-EDGE
";Packet Loss;#20250000066;;Closed;15/1/2025;15/1/2025;00:00:00;GMT+7;Syahrul;No alarm was found during the mentioned time;Checking circuit, log, and monitoring;4. #20250000066 | DCC (ABH-ISPL) | Packet Loss | EDGE<>SG1 | DCC report detect loss sejak 2024/12/16 till now pada waktu tertentu | Sudah di report ke ISPL | FU pengecekan ISPL | ISPL menarwakan untuk insert tester dan estimasi downtime 1,5 jam | Info dari DCC tidak perlu insert test | konfirmasi ke DCC | Closed;Email;Email;yes;;;;;;
67;3GO;ABH;Req Permit Access;;Request Permit Access;#20250000067;;Closed;20/01/2025;24/01/2025;;GMT+7;Haikal;Done;Done;#20250000067 | 3GO (ABH) | Req Permit Access | 3GO meminta untuk dibuatkan permit ke neuCentriX L2.056.000 pada 20th - 24th January 2025 | Sudah dibuat | CLOSED;Email;Email;No;;;;;;
68;LAXO;ABH-TELKOM;"202400002/IdEX-CAC
202400079/IdEX-CAC";;Maintenance;#20250000068;;Closed;22/01/2025 0:00;22/01/2025 4:00;;GMT+7;Haikal;Migration Traffic BTC-KBL IGG FP#4A_4B;Migration Traffic BTC-KBL IGG FP#4A_4B;Estimasi awal 30 Menit;Email;Email;No;;;;;;
69;AOFEI;ABH;Req Permit Access, Outbound;;Request Permit Access;#20250000069;;Closed;18/01/2025;26/01/2025;;GMT+8;Tian;;;;Email;Email;;;;;;;
70;AOFEI;ABH;XC-369 | IdEX-df;;Link Down;#20250000070;;Closed;16/1/2025 15:50;17/1/2025 22:24;06:34:00;GMT+7;Syahrul;"There are no issues along the path of normal results, no FO    
cut/bending. 
MDC<>APJII = normal  
Apjii MMR <> NTT = Normal 
MMR NTT <>User = No receive power";Checking all segments and swapping TX/RX cores.;#20250000070 | Aofei (ABH-CDI) | XC-369 | Link Down | Aofei report pada 15:50 mengalami link down | Minta status power di aofei | report ke Cloudata | Udpate dari CDI bahwa dari hasil test OTDR tembus | Tidak ada issue di segment MDC<>NTT | Suspect dimatikan oleh Alibaba | Sudah disampaikan ke Aofei | FU konfirmasi dari Alibaba | Update dari Ali tidak received power di patchpanel nya dan meminta di check ulang | Check ulang ke CDI | Pengecekan CDI fasing both line redaman normal dan sudah di luruskan kembali | Sudah di konfirmasi ke Aofei | FU konfirmasi dari Aofei | Saat ini team CDI sudah melakukan optimize kembali | Aofei sudah confirm up dan restored | CLOSED;Email;Email;yes;;;;;;
71;ABH;MDC;Req Permit Access;;Request Permit Access;#20250000071;;Closed;;;;GMT+7;Syahrul;;;;;;;;;;;;
72;Aofei;ABH-OWS;202400051;10742-OWS-ABH-SIN IPT;Destiantion Unreachable;#20250000072;;Closed;17/1/2025 0:23;17/1/2025 9:08:00;08:44:12;GMT+7;Haikal;Supect there is an adjustment on the destination side 103.51.205.0/24 which causes route reset to all peers and  upstream.;Checking route to destination from Network ABH and upstream for comparison.;#20250000072 | AOFEI (ABH-OWS) | Destiantion Unreachable | 202400051 | Aofei report dest unreach dengan Source 43.159.72.47. Dest 103.51.205.48 & 103.51.205.10 | berdasarkan pengecekan ke pada Dest IP, route sempat reset dan IP di dapat dari CIX-SOLO | Berdasarkan dari Pengecekan OWS setelah di lalukan traceroute, sudah reach dan menuju destinasi >>FIBER STAR >> CV Redjo Pawiro (Surakarta) | FU penjelasan terkait route reset nya ke OWS | Update dari OWS bahwa setelah di show route ke 103.51.205.0/24 terlihat semua routenya reset dan status backbone normal sudah di sertakan evidence | Sudah dijelaskan ke Aofei | FU konfirmasi dari Aofei | CLOSED;Email;Email;yes;;;;;;
73;AOFEI;ABH;RR2-RD2/180124;;Link Down;#20250000073;;Closed;18/01/2025 0:02;18/01/2025 1:09;01:07:00;GMT+7;Haikal;The connector became loose due to a degraded and fragile port condition in the OTB on the ISC side.;To resolve the issue, the ISC team relocated the fiber core to a new port.;#20250000073 | AOFEI (ABH) | Link Down | XCID RR2-RD2/180124 | Aofei report mengalami Link Down pada Jan 18 2025 01:02:37 GMT+8 - 02:09:02 GMT+8 | Initial RFO sudah disampaikan ke Aofei | Official RFO | Kirimkan senin office hours | RFO official sudah dikirim;Email;Email;yes;;;;;;
74;Bausho;ABH-Crossnet;BTIIG;;High Latency;#20250000074;;Closed;18/1/2025 7:50;18/1/2025 14:06;06:16:00;GMT+7;Tian;Kendala di situs web sangat lambat akses;Dilakukan Reroute Via LDM;#20250000074 | BAUSHO (ABH-CROSSNETT) | BTIIG | High Latency | Bausho report akses ke beberapa web lambat pada jam 18/01/2025 7:50:00 WIB | sudah direroute info dari CN ke non telkom | Info Bausho sudah lebih baik | Monitoring | RFO available | Kirimkan senin office hours | Verifikasi RFO | CLOSED;WhatsApp;WhatsApp;;;;;;;
75;Baishan;ABH-MDC;Req Permit Access;;Request Permit Access;#20250000075;;Closed;18/01/2025;25/01/2025;;GMT+7;Tian;;;;Email;Email;No;;;;;;
76;Bausho;ABH-Crossnet;BTIIG;;Power Degrade;#20250000076;;Closed;19/1/2025 7:55;20/01/2025 16:05;08:10:00;GMT+8;Tian;Link problem due to high attenuation one ot the Core   entangled at KM 14 of Ts Matano Bungku;Repair of entangled lines and cables at problematic  locations;#20250000076 | BAUSHO (ABH-CN) | Bausho report testspeed BW Download tidak simetris dengan uploadnya | Setelah pengecekan dari tim Crossnet terdapat redaman tinggi ke arah BTIIG |  Hasil OTDR terdapat High Bending di km 14 ke arah customer | sebelumnya dari CN minta konfirmasi status ke Customer namun info dari customer masih sama | Update terbaru dari CN terdapat High bending di Topogaro | Konfirmasi status ke Bausho | Verifikasi RFO | CLOSED;WhatsApp;WhatsApp;No;;;;;;
77;Aofei;ABH-OWS;RR2-RD2/180124 RBN-CN;10742-OWS-ABH-SIN IPT;Destiantion Unreachable;#20250000077;;Closed;20/1/2025 7:03;20/1/2025 10:25;03:21:02;GMT+7;Tian; Supect there is an adjustment on the destination side 103.184.54.0/24 which causes route reset to all peers and upstream.;Checking route to destination from Network ABH and upstream for  comparison. ;#20250000077 | AOFEI (ABH-OWS) | Destination Unreachable | AOFEI report tidak bisa reach ke IP Destination 103.184.54.4 | Update dari OWS bahwa setelah di show route ke 103.184.54.0/24 terlihat semua routenya reset dan status backbone normal sudah di sertakan evidence | FU konfirmasi dari Aofei | Initial closure sudah di berikan | CLOSED;Email;Email;yes;BGP Flap;;;;;
78;ABH;HSP;Neu <> Cyber (I-0122-008-01);;Link Down;#20250000078;VAB-MVZ-UNA1;Closed;20/1/2025 9:19;20/1/2025 14:21:44;05:02:01;GMT+7;Tian;"Cut di tititk 6°14'07.4""S 106°49'36.3""E QR7G+RMX Kuningan Tim., Kota Jakarta Selatan, Daerah Khusus Ibukota Jakarta";"Dilakukan kupas ulang dan sambung ulang core

";#20250000078 | ABH (HSP) VAB-MVZ-UNA1 | CID : I-0122-008-01 | Link NEU<>CYBER Down | FO Cut impact PU | Link up 14:21:44 WIB | FU RFO ke HSP | RFO available | CLOSED;Email;Email;yes;;;;;;
79;DCC;ABH-HSP;L1 DWDM NEU <> CYB;;Link Down;#20250000079;;Closed;20/1/2025 9:20;20/1/2025 14:29;05:09:00;GMT+7;Tian;"There is a NEU<>CYBER transmission FO cut at 6°14'07.4 “S  
 106°49'36.3 “E QR7G+RMX due to public works impact";Resplicing FO;#20250000079 | DCC (ABH-HSP) | L1 DWDM NEU <> CYB | Link down impact FO cut HSP | DCC konfirmasi sudah up periode 2025-01-20 15:29  GMT+8 | RFO related dengan HSP | Sampaikan RFO nya | Sudah di validasi | CLOSED;Email;Email;yes;;;;;;
80;AOFEI;ABH-HSP;VLAN 1891/1983;;Link Down;#20250000080;;Closed;20/1/2025 9:19;20/1/2025 14:21:47;05:02:04;GMT+7;Tian;;;#20250000080 | Aofei (ABH-HSP) | VLAN1893 | Impact FO cut HSP NEU<>CYBER down | Sudah diinfokan ke AOFEI service mereka ke backup via VLAN1892 dan VLAN1894 | Sudah up | konfirmasi ke Aofei | Service aman | Closure sudah di berikan | CLOSED;Email;Email;yes;;;;;;
81;ABH;HSP;Neu <> IDC3D (I-0122-009-01);;Link Down;#20250000081;AZS-2VD-9SZU;Closed;20/1/2025 10:45;20/1/2025 13:54;03:09:52;GMT+7;Tian;"Cut di titik 6°12'13.1""S 106°49'41.0""E QRWH+G6V Menteng, Kota Jakarta Pusat, Daerah Khusus Ibukota Jakarta";Dilakukan penarikan kabel kembali dan sambung ulang;"#20250000081 | ABH (HSP) AZS-2VD-9SZU | CID : I-0122-009-0 | Link NEU<>IDC3D down | FO cut di tikor 6°12'13.1""S 106°49'41.0""E | FU progressnya ke HSP | Link sudah up periode 2025-01-20 13:54:57 WIB | FU RFO ke HSP | CLOSED";Email;Email;yes;;;;;;
82;ABH;MDC;Req Permit, Inbound & Outbound;;Request Permit Access;#20250000082;;Closed;22/1/2025;23/1/2025;;GMT+7;Tian;;;;Email;Email;No;;;;;;
83;ABH;NeuCentrIX-Gubeng;Waspang AOFEI OUTBOUND Perangkat;;Request Permit Access;#20250000083;;Closed;20/1/2025;26/1/2025;;GMT+7;Tian;;;;Email;Email;No;;;;;;
84;ABH;DCIX;;;BGP Down;#20250000084;;Closed;20/1/2025 13:47;20/1/2025 13:47;00:00:00;GMT+7;Tian;;;;Email;Email;No;;;;;;
85;NTTG-CAMPINA;ABH;202400152;;Link Down;#20250000085;;Closed;20/1/2025 14:37;20/01/2025 15:25;00:47:55;GMT+7;Tian;Corrective maintenance XC in Neucentrix DC;Replace the XC and swap the existing port to the new port;#20250000085 | NTTG-CAMPINA (ABH) | 202400152 | Pro active - Adanya issue pada NIA dikarenakan port issue | Sudah di open ticket ke NTTG | FU konfirmasi dari NTTG | NTTG sudah confirm normal | RFO | CLOSED;Email;Email;No;;;;;;
86;Baishan;ABH;202400149 | VLAN793;;Maintenance;#20250000086;;Closed;25/1/2025 22:00;26/1/2025 5:00;;GMT+7;Tian;Maintenance migrasi link 40G dan 100G ke switch baru dari IIX;Maintenance migrasi link 40G dan 100G ke switch baru dari IIX;Maintenance migrasi link 40G dan 100G ke switch baru dari IIX;Email;Email;;;;;;;
87;AOFEI;CDI;XC369;151/NET/JKT2/III/2023;Link Down;#20250000087;;Closed;20/1/2025 23:03;20/1/2025 0:45;###############################################################################################################################################################################################################################################################;GMT+7;Syahrul;No issue found on our side;Link has been up by itself;#20250000087 | Aofei(CDI) | XC-369 | Link Down | Aofei report mengalami Link Down pada 23:03 | Informasi tambahan bahwa tidak dimatikan oleh Ali | Fu pengecekan Clouddata | Informasi aofei sudah up tanpa ada nya action di sisi Cust | CLOSED;WeChat;WhatsApp;yes;;;;;;
88;ABH;HSP;BB NEU<>CYBER;I-0122-008-01;Maintenance;#20250000088;;Closed;24/01/2025 0:00;24/01/2025;;GMT+7;Haikal;"Cut over di jalur 6°14'6.99""S 106°49'36.62""E";"Cut over di jalur 6°14'6.99""S 106°49'36.62""E";;Email;Email;;;;;;;
89;DCC;ABH-HSP;L1 DWDM NEU <> CYB;;Maintenance;#20250000089;;Closed;24/01/2025 0:00;24/01/2025;;GMT+7;Haikal;"Cut over di jalur 6°14'6.99""S 106°49'36.62""E";"Cut over di jalur 6°14'6.99""S 106°49'36.62""E";;Email;Email;;;;;;;
90;AOFEI;ABH-HSP;VLAN 1891/1983;;Maintenance;#20250000090;;Closed;24/01/2025 0:00;24/01/2025;;GMT+7;Haikal;"Cut over di jalur 6°14'6.99""S 106°49'36.62""E";"Cut over di jalur 6°14'6.99""S 106°49'36.62""E";;Email;Email;;;;;;;
91;3GO;ABH;;;Req. Allow & Adv. Prefix;#20250000091;;Closed;;;;;Haikal;;;;;;;;;;;;
92;ABH;MDC;;;Req Check Power;#20250000092;;Closed;23/01/2025 0:18;;;GMT+7;Syahrul;;;;;;;;;;;;
93;SANY;ABH-TIS;202400066;156039;Link Down;#20250000093;7,12025E+11;Closed;22/01/2025 20:35;23/01/2025 11:27:00;14:52:00;GMT+7;Tian;"Core putus pada protect di Tikor 2°16'34.3""S 121°46'45.1""E";Splicing FO;" #20250000093 | SANY (ABH-TIS) Link Down | downtime 22/01/2025 20:35 WIB sampai 23/01/202511:27 WIB | Info dari TIS ada Core Putus di tikor 2°16'34.3""S 121°46'45.1""E | Action Splicing FO | RFO sudah dikirim";WhatsApp;WhatsApp;yes;;;;;;
94;CTG-ALI;ABH;202300003;;Link Down;#20250000094;;Closed;24/01/2025 8:34;24/01/2025 9:58;01:23:55;GMT+7;Haikal;Pro Active No Issue;Pro Active No Issue;Pro Active No Issue;Email;Email;No;;;;;;
95;Aofei Tencent ISC;OWS;RR2-RD2/180124 RBN-CN;10742-OWS-ABH-SIN IPT;Destiantion Unreachable;#20250000095;;Closed;25/01/2025 2:06;25/01/2025 2:06;00:00:00;GMT+7;Syahrul;Dest Unreach oleh AS141606;Konfirmasi ke AS tersebut;"3. #20250000095 | Aofei Tencent ISC (OWS) | Desr Uncreach | INTL | Aofei menginformasikan mengalami Dest Unreach pada beberapa destinasi berikut ini 103.160.68.59
103.160.68.51 202.154.17.2 202.154.17.6 103.160.68.63 | Fu pengecekan OWS | hasil pengecekan ditemukan bahwa setelah dilakukan global ping test ip tersebut unreach | konfirmasi internal untuk IP ini dan koordinasikan dengan AS141606 | IP destinasi yang disebutkan Aofei sudah bisa direach | FU konfirmasi dari Aofei | FU Konfirmasi untuk close ticket
";Email;Email;No;;;;;;
96;3GO;ABH;202400128;;Flapping;#20250000096;;Closed;25/1/2025 14:25;25/1/2025 14:25;00:00:00;GMT+7;Tian;-;Checking circuit and interface fisik;#20250000096 | 3GO (ABH) | Flapping | 3GO report sempat ada flapping | sedang dimintakan CID yang benar namun belum ada respon kembali | konfirmasi kembali ke  3GO | sudah dijelaskan kembali bahwa interface dengan service mereka saat ini tidak mengalami gangguan | CLOSED;Email;Email;No;;;;;;
97;SANY;TIS;202400066;156039;Link Down;#20250000097;7,12025E+11;Closed;25/01/2025 12:30;25/01/2025 15:20;02:50:00;GMT+7;Tian;Kabel CUT indikasi ditabrak kendaraan disegment ;Penginstalan dan penyambungan kembali;#20250000097 | SANY (TIS) | Link down | impact FO Cut indikasi ditabrak kendaraan disegment Badopi | Action Spling FO | RFO Available;;WhatsApp;yes;;;;;;
98;CTG-ALIBABA;ABH;202300003;;Link Down;#20250000098;;Closed;26/01/2025 1:00:45;26/01/2025 1:46:45;00:46:00;GMT/UTC;Tian;Link Down Impact maintenance IIX;;4. #20250000098 | CTG (ABH) | 202300003-Local loop DCI - APJII IIX | CTG report link LL DCI-APJII IIX down | Sudah dijelaskan dari sisi ABH no Issue dan cek port facing IIX terdapat flapping antara Alibaba dan IIX yang mana indikasi dari aktivitas Maintenance APJII | FU konfirmasi CTG untuk close ticket;Email;Email;;;;;;;
99;Aofei;ABH - OWS;RR2-RD2/180124 RBN-CN;10742-OWS-ABH-SIN IPT;Packet Loss;#20250000099;;Closed;27/01/2025 2:37:40;27/01/2025 2:37:40;00:00:00;GMT+8;Luthfi;Packet Loss on Destination;Closed;"3. #20250000099 | Aofei (ABH-OWS) | Dest Unreachable | 10742-OWS-ABH-SIN IPT | Aofei report untuk servidde tencent ISC mereka test dari source 43.159.72.46 ke dest 103.99.27.75 mengalami unreach periode  2025-01-27 02:37:40 GMT+08 | Sudah di open ticket ke OWS | Dari hasil pengecekan disisi ABH bahwa packet loss tidak ada di hop ABH | Sedang di make sure ke OWS | Compare dari hasil pengecekan OWS bahwa packet loss terlihat pada segment destinasi dari HOP [8] 121.100.6.53 | Sudah disampaikan ke Aofei | FU konfirmasi dari Aofei | Packet Loss Destination | Closed
";Email;Email;No;;;;;;
100;CTG-ALI;ABH;202300003;;Link Down;#20250000100;;Closed;30/01/2025 11:15;30/01/2025 11:15;00:00:00;GMT+7;Syahrul;Link Down IIX;Normal by itself;3. #20250000100 - ProActive | CTG-ALI ( ABH ) | Link Down | 202300003 | IIX sempat mengalami down pada 30/01/2025 pukul 11:15 | Informasikan ke CTG bahwa tidak ada issue LL dari sisi ABH | konfirmasikan untuk re-establish status BGP dengan IIX;Email;Email;No;;;;;;
101;Aofei;ABH-OWS;RR2-RD2/180124 RBN-CN;10742-OWS-ABH-SIN IPT;Destiantion Unreachable;#20250000101;;Closed;30/01/2025 20:47:45;30/01/2025 20:47:45;00:00:00;GMT+8;Luthfi;Packet Loss on Destination;Closed;4. #20250000101 | Aofei (OWS) | Dest Unreachable | 10742-OWS-ABH-SIN IPT | Aofei report bahwa dest 103.155.196.38 mengalami unreach ketika test dari source 43.159.72.37 periode 30/01/2025 20:47:45 GMT+8 | Sudah di open ticket ke OWS | Dari hasil pengecekan trceroute dan ping hasilnya tembus normal dan tidak ada packet loss sampai destinasi, Setelah di show route untuk ip 103.155.196.38 dari global route semua route mengalami reset dan di compare dari Network ABH hasilnya sama | Suspect ada adjustment disisi End cust | Sudah disampaikan ke Aofei | FU konfirmasi Aofei untuk close ticket | CLOSED;Email;Email;No;;;;;;
